{
  "waypoints": [
    {
      "x": 3.867,
      "y": 0.968,
      "z": 0.0,
      "qx": 0.0,
      "qy": 0.0,
      "qz": 0.319743,
      "qw": 0.947504,
      "yaw": 0.651
    },
    {
      "x": 0.986,
      "y": 4.777,
      "z": 0.0,
      "qx": 0.0,
      "qy": 0.0,
      "qz": 0.993276,
      "qw": 0.115773,
      "yaw": 2.91
    }
  ],
  "count": 2,
  "frame_id": "map",
  "description": "\u822a\u70b9\u6587\u4ef6, \u7528\u4e8e follow_waypoints action"
}