{
  "waypoints": [
    {
      "x": 3.384,
      "y": 1.152,
      "z": 0.0,
      "qx": 0.0,
      "qy": 0.0,
      "qz": 0.356094,
      "qw": 0.93445,
      "yaw": 0.728
    },
    {
      "x": 3.016,
      "y": 4.378,
      "z": 0.0,
      "qx": 0.0,
      "qy": 0.0,
      "qz": 0.999988,
      "qw": 0.004851,
      "yaw": 3.132
    },
    {
      "x": 0.408,
      "y": 4.218,
      "z": 0.0,
      "qx": 0.0,
      "qy": 0.0,
      "qz": 0.999887,
      "qw": -0.015028,
      "yaw": -3.112
    },
    {
      "x": 0.0,
      "y": 0.0,
      "z": 0.0,
      "qx": 0.0,
      "qy": 0.0,
      "qz": 0.0,
      "qw": 1.0,
      "yaw": 0.0
    }
  ],
  "count": 4,
  "frame_id": "map",
  "description": "\u822a\u70b9\u6587\u4ef6, \u7528\u4e8e follow_waypoints action"
}